variable,missing_count,dataset
week_start,0,weekly
platform_name,0,weekly
category,0,weekly
represented_sors,0,weekly
fully_auto_sors,0,weekly
partially_auto_sors,0,weekly
not_auto_sors,0,weekly
content_removed_sors,0,weekly
account_terminated_sors,0,weekly
account_suspended_sors,0,weekly
service_terminated_sors,0,weekly
service_suspended_sors,0,weekly
account_or_service_restriction_sors,0,weekly
fully_automated_rate,0,weekly
partially_automated_rate,0,weekly
not_automated_rate,0,weekly
content_removed_rate,0,weekly
account_terminated_rate,0,weekly
account_suspended_rate,0,weekly
service_terminated_rate,0,weekly
service_suspended_rate,0,weekly
account_or_service_restriction_rate,0,weekly
complete_study_week,0,weekly
platform_name,0,summary
category,0,summary
represented_sors,0,summary
fully_auto_sors,0,summary
partially_auto_sors,0,summary
not_auto_sors,0,summary
content_removed_sors,0,summary
account_terminated_sors,0,summary
account_suspended_sors,0,summary
service_terminated_sors,0,summary
service_suspended_sors,0,summary
account_or_service_restriction_sors,0,summary
fully_automated_rate,0,summary
partially_automated_rate,0,summary
not_automated_rate,0,summary
content_removed_rate,0,summary
account_terminated_rate,0,summary
account_suspended_rate,0,summary
service_terminated_rate,0,summary
service_suspended_rate,0,summary
account_or_service_restriction_rate,0,summary
study_start,0,summary
study_end,0,summary
