category,min_rate,max_rate,rate_range,platform_count
STATEMENT_CATEGORY_ANIMAL_WELFARE,0.0,0.8792846205190624,0.8792846205190624,4
STATEMENT_CATEGORY_CONSUMER_INFORMATION,0.0,0.3444697111626494,0.3444697111626494,3
STATEMENT_CATEGORY_CYBER_VIOLENCE,0.0,0.875798720136111,0.875798720136111,7
STATEMENT_CATEGORY_DATA_PROTECTION_AND_PRIVACY_VIOLATIONS,0.0,0.9982002385813844,0.9982002385813844,6
STATEMENT_CATEGORY_ILLEGAL_OR_HARMFUL_SPEECH,0.0,0.8771415261376464,0.8771415261376464,7
STATEMENT_CATEGORY_INTELLECTUAL_PROPERTY_INFRINGEMENTS,0.0,0.5994476550912904,0.5994476550912904,7
STATEMENT_CATEGORY_NEGATIVE_EFFECTS_ON_CIVIC_DISCOURSE_OR_ELECTIONS,0.0,0.978462052187187,0.978462052187187,5
STATEMENT_CATEGORY_OTHER_VIOLATION_TC,0.0,0.9943393148610936,0.9943393148610936,7
STATEMENT_CATEGORY_PROTECTION_OF_MINORS,0.0,0.8952216902669065,0.8952216902669065,6
STATEMENT_CATEGORY_RISK_FOR_PUBLIC_SECURITY,0.0,0.9097695402432502,0.9097695402432502,7
STATEMENT_CATEGORY_SCAMS_AND_FRAUD,0.0,0.9926622449349426,0.9926622449349426,7
STATEMENT_CATEGORY_SELF_HARM,0.0,0.9730174838870492,0.9730174838870492,6
STATEMENT_CATEGORY_UNSAFE_AND_PROHIBITED_PRODUCTS,0.0,0.9458190537164664,0.9458190537164664,7
STATEMENT_CATEGORY_VIOLENCE,0.0,0.9857583667273424,0.9857583667273424,7
