platform_name,category,represented_sors,fully_auto_sors,partially_auto_sors,not_auto_sors,content_removed_sors,account_terminated_sors,account_suspended_sors,service_terminated_sors,service_suspended_sors,account_or_service_restriction_sors,fully_automated_rate,partially_automated_rate,not_automated_rate,content_removed_rate,account_terminated_rate,account_suspended_rate,service_terminated_rate,service_suspended_rate,account_or_service_restriction_rate,study_start,study_end,peer_median_automation_rate,peer_support_count,peer_divergence_signed,peer_divergence_abs,large_divergence_flag
Instagram,STATEMENT_CATEGORY_CYBER_VIOLENCE,76930,0,23479,53451,74238,2649,0,0,0,2649,0.0,0.3051995320421162,0.6948004679578837,0.965007149356558,0.0344339009489145,0.0,0.0,0.0,0.0344339009489145,2026-03-01,2026-08-31,0.10248341032473629,6,-0.10248341032473629,0.10248341032473629,False
Instagram,STATEMENT_CATEGORY_DATA_PROTECTION_AND_PRIVACY_VIOLATIONS,1828260,0,1822056,6204,7443,1820812,0,0,0,1820812,0.0,0.9966066095631912,0.0033933904368087,0.0040710839814905,0.9959261811777318,0.0,0.0,0.0,0.9959261811777318,2026-03-01,2026-08-31,0.0,5,0.0,0.0,False
Instagram,STATEMENT_CATEGORY_ILLEGAL_OR_HARMFUL_SPEECH,141906,0,113021,28885,136729,149,47,0,0,196,0.0,0.7964497625188505,0.2035502374811495,0.9635181035333248,0.0010499908390061,0.0003312051639817,0.0,0.0,0.0013811960029878,2026-03-01,2026-08-31,0.0112109060710259,6,-0.0112109060710259,0.0112109060710259,False
Instagram,STATEMENT_CATEGORY_INTELLECTUAL_PROPERTY_INFRINGEMENTS,358967,0,250033,108934,343217,15750,0,0,0,15750,0.0,0.6965347789629688,0.3034652210370313,0.9561241005440612,0.0438758994559388,0.0,0.0,0.0,0.0438758994559388,2026-03-01,2026-08-31,0.10175532591809056,6,-0.10175532591809056,0.10175532591809056,False
Instagram,STATEMENT_CATEGORY_NEGATIVE_EFFECTS_ON_CIVIC_DISCOURSE_OR_ELECTIONS,21883,0,21863,20,122,0,4,0,0,4,0.0,0.9990860485308232,0.0009139514691769,0.0055751039619796,0.0,0.0001827902938353,0.0,0.0,0.0001827902938353,2026-03-01,2026-08-31,0.5475080344471837,4,-0.5475080344471837,0.5475080344471837,True
Instagram,STATEMENT_CATEGORY_OTHER_VIOLATION_TC,35553099,0,33841889,1711210,4043926,31508961,100,0,0,31509061,0.0,0.9518688933417592,0.0481311066582409,0.1137432773441212,0.8862507597438974,2.812694330809249e-06,0.0,0.0,0.8862535724382282,2026-03-01,2026-08-31,0.8297994639664898,6,-0.8297994639664898,0.8297994639664898,True
Instagram,STATEMENT_CATEGORY_PROTECTION_OF_MINORS,979914,0,810061,169853,504199,475704,0,0,0,475704,0.0,0.8266654012494974,0.1733345987505025,0.5145339284876019,0.4854548460375094,0.0,0.0,0.0,0.4854548460375094,2026-03-01,2026-08-31,0.5644655262568163,5,-0.5644655262568163,0.5644655262568163,True
Instagram,STATEMENT_CATEGORY_RISK_FOR_PUBLIC_SECURITY,438626,0,372917,65709,419528,19095,3,0,0,19098,0.0,0.850193558977352,0.149806441022648,0.9564594894055528,0.0435336710546114,6.8395398357598505e-06,0.0,0.0,0.0435405105944472,2026-03-01,2026-08-31,0.00046149243623293094,6,-0.00046149243623293094,0.00046149243623293094,False
Instagram,STATEMENT_CATEGORY_SCAMS_AND_FRAUD,11903214,0,11758830,144384,1161600,10740242,45,0,0,10740287,0.0,0.987870166830572,0.012129833169428,0.0975870886636164,0.9022976483494288,3.7804915546339e-06,0.0,0.0,0.9023014288409836,2026-03-01,2026-08-31,0.6011574357661295,6,-0.6011574357661295,0.6011574357661295,True
Instagram,STATEMENT_CATEGORY_SELF_HARM,177677,0,157338,20339,177027,91,1,0,0,92,0.0,0.8855282338175453,0.1144717661824546,0.9963416761876888,0.0005121653337235,5.628190480478621e-06,0.0,0.0,0.000517793524204,2026-03-01,2026-08-31,0.6429201588001765,5,-0.6429201588001765,0.6429201588001765,True
Instagram,STATEMENT_CATEGORY_UNSAFE_AND_PROHIBITED_PRODUCTS,134761,0,101604,33157,117181,17235,97,0,0,17332,0.0,0.7539570053650537,0.2460429946349463,0.8695468273461907,0.1278930847945622,0.000719792818397,0.0,0.0,0.1286128776129592,2026-03-01,2026-08-31,0.356478950210243,6,-0.356478950210243,0.356478950210243,True
Instagram,STATEMENT_CATEGORY_VIOLENCE,309276,0,239896,69380,159767,48005,0,0,0,48005,0.0,0.7756696284225093,0.2243303715774906,0.5165838927042512,0.1552173463184986,0.0,0.0,0.0,0.1552173463184986,2026-03-01,2026-08-31,0.6019121146145217,6,-0.6019121146145217,0.6019121146145217,True
LinkedIn,STATEMENT_CATEGORY_ANIMAL_WELFARE,5,0,0,5,5,0,0,0,0,0,0.0,0.0,1.0,1.0,0.0,0.0,0.0,0.0,0.0,2026-03-01,2026-08-31,0.0408163265306122,3,-0.0408163265306122,0.0408163265306122,False
LinkedIn,STATEMENT_CATEGORY_CONSUMER_INFORMATION,6,0,0,6,6,0,0,0,0,0,0.0,0.0,1.0,1.0,0.0,0.0,0.0,0.0,0.0,2026-03-01,2026-08-31,0.1722348555813247,2,-0.1722348555813247,0.1722348555813247,False
LinkedIn,STATEMENT_CATEGORY_CYBER_VIOLENCE,209241,183253,0,25988,209241,0,0,0,0,0,0.875798720136111,0.0,0.124201279863889,1.0,0.0,0.0,0.0,0.0,0.0,2026-03-01,2026-08-31,0.0452241133398379,6,0.8305746067962732,0.8305746067962732,True
LinkedIn,STATEMENT_CATEGORY_ILLEGAL_OR_HARMFUL_SPEECH,15999,91,0,15908,15927,0,0,72,0,72,0.0056878554909681,0.0,0.9943121445090318,0.9954997187324208,0.0,0.0,0.0045002812675792,0.0,0.0045002812675792,2026-03-01,2026-08-31,0.0085313483773184,6,-0.0028434928863503,0.0028434928863503,False
LinkedIn,STATEMENT_CATEGORY_INTELLECTUAL_PROPERTY_INFRINGEMENTS,257,0,0,257,257,0,0,0,0,0,0.0,0.0,1.0,1.0,0.0,0.0,0.0,0.0,0.0,2026-03-01,2026-08-31,0.10175532591809056,6,-0.10175532591809056,0.10175532591809056,False
LinkedIn,STATEMENT_CATEGORY_NEGATIVE_EFFECTS_ON_CIVIC_DISCOURSE_OR_ELECTIONS,1540,187,0,1353,1130,0,0,0,0,0,0.1214285714285714,0.0,0.8785714285714286,0.7337662337662337,0.0,0.0,0.0,0.0,0.0,2026-03-01,2026-08-31,0.49869516781069795,4,-0.37726659638212656,0.37726659638212656,True
LinkedIn,STATEMENT_CATEGORY_OTHER_VIOLATION_TC,126061,54426,0,71635,101822,0,966,122,0,1088,0.4317433623404542,0.0,0.5682566376595458,0.8077200720286211,0.0,0.0076629568224906,0.0009677854372089,0.0,0.0086307422596996,2026-03-01,2026-08-31,0.8297994639664898,6,-0.39805610162603566,0.39805610162603566,True
LinkedIn,STATEMENT_CATEGORY_RISK_FOR_PUBLIC_SECURITY,21,0,0,21,21,0,0,0,0,0,0.0,0.0,1.0,1.0,0.0,0.0,0.0,0.0,0.0,2026-03-01,2026-08-31,0.00046149243623293094,6,-0.00046149243623293094,0.00046149243623293094,False
LinkedIn,STATEMENT_CATEGORY_SCAMS_AND_FRAUD,11618,2793,0,8825,11618,0,0,0,0,0,0.2404028232053709,0.0,0.759597176794629,1.0,0.0,0.0,0.0,0.0,0.0,2026-03-01,2026-08-31,0.49335408125147473,6,-0.25295125804610386,0.25295125804610386,True
LinkedIn,STATEMENT_CATEGORY_SELF_HARM,54,0,0,54,54,0,0,0,0,0,0.0,0.0,1.0,1.0,0.0,0.0,0.0,0.0,0.0,2026-03-01,2026-08-31,0.6429201588001765,5,-0.6429201588001765,0.6429201588001765,True
LinkedIn,STATEMENT_CATEGORY_UNSAFE_AND_PROHIBITED_PRODUCTS,18053,7953,0,10100,18053,0,0,0,0,0,0.4405361989697003,0.0,0.5594638010302997,1.0,0.0,0.0,0.0,0.0,0.0,2026-03-01,2026-08-31,0.13621085072539285,6,0.30432534824430746,0.30432534824430746,True
LinkedIn,STATEMENT_CATEGORY_VIOLENCE,2813,11,0,2802,2812,0,0,1,0,1,0.0039104159260575,0.0,0.9960895840739424,0.9996445076430855,0.0,0.0,0.0003554923569143,0.0,0.0003554923569143,2026-03-01,2026-08-31,0.6019121146145217,6,-0.5980016986884642,0.5980016986884642,True
Roblox,STATEMENT_CATEGORY_CONSUMER_INFORMATION,90,0,0,90,71,0,1,0,0,1,0.0,0.0,1.0,0.7888888888888889,0.0,0.0111111111111111,0.0,0.0,0.0111111111111111,2026-03-01,2026-08-31,0.1722348555813247,2,-0.1722348555813247,0.1722348555813247,False
Roblox,STATEMENT_CATEGORY_CYBER_VIOLENCE,1603071,1351475,0,251596,269418,11881,490654,0,0,502535,0.8430537387302247,0.0,0.1569462612697753,0.1680636727880424,0.0074113997446151,0.3060712844284501,0.0,0.0,0.3134826841730653,2026-03-01,2026-08-31,0.0452241133398379,6,0.7978296253903868,0.7978296253903868,True
Roblox,STATEMENT_CATEGORY_DATA_PROTECTION_AND_PRIVACY_VIOLATIONS,13075622,13052089,0,23533,12636562,3966,19189,0,0,23155,0.9982002385813844,0.0,0.0017997614186154,0.9664214826644576,0.0003033125307537,0.0014675401292573,0.0,0.0,0.0017708526600111,2026-03-01,2026-08-31,0.0,5,0.9982002385813844,0.9982002385813844,True
Roblox,STATEMENT_CATEGORY_ILLEGAL_OR_HARMFUL_SPEECH,1131261,992276,0,138985,355931,114641,282282,0,0,396923,0.8771415261376464,0.0,0.1228584738623536,0.3146320787156986,0.10133912510022,0.2495286233680821,0.0,0.0,0.3508677484683022,2026-03-01,2026-08-31,0.0030082977972606,6,0.8741332283403858,0.8741332283403858,True
Roblox,STATEMENT_CATEGORY_INTELLECTUAL_PROPERTY_INFRINGEMENTS,19553,11721,0,7832,3213,977,1096,0,0,2073,0.5994476550912904,0.0,0.4005523449087096,0.1643226103411241,0.0499667570193832,0.05605277962461,0.0,0.0,0.1060195366439932,2026-03-01,2026-08-31,0.0001539160644395,6,0.5992937390268509,0.5992937390268509,True
Roblox,STATEMENT_CATEGORY_NEGATIVE_EFFECTS_ON_CIVIC_DISCOURSE_OR_ELECTIONS,41926,41023,0,903,38855,530,305,0,0,835,0.978462052187187,0.0,0.021537947812813,0.9267518961980632,0.0126413204216953,0.0072747221294662,0.0,0.0,0.0199160425511615,2026-03-01,2026-08-31,0.07261570479208565,4,0.9058463473951013,0.9058463473951013,True
Roblox,STATEMENT_CATEGORY_OTHER_VIOLATION_TC,50759050,50471719,0,287331,2815921,46453298,551836,0,0,47005134,0.9943393148610936,0.0,0.0056606851389062,0.0554762352723307,0.91517272289375,0.0108716770703943,0.0,0.0,0.9260443999641444,2026-03-01,2026-08-31,0.6081631015203646,6,0.38617621334072905,0.38617621334072905,True
Roblox,STATEMENT_CATEGORY_PROTECTION_OF_MINORS,236862,212044,0,24818,192955,32186,1938,0,0,34124,0.8952216902669065,0.0,0.1047783097330935,0.8146304599302547,0.1358850301019158,0.0081819793803987,0.0,0.0,0.1440670094823146,2026-03-01,2026-08-31,0.5413183020955408,5,0.3539033881713657,0.3539033881713657,True
Roblox,STATEMENT_CATEGORY_RISK_FOR_PUBLIC_SECURITY,86002,78242,0,7760,42394,16482,11566,0,0,28048,0.9097695402432502,0.0,0.0902304597567498,0.492942024604079,0.1916467058905606,0.134485244529197,0.0,0.0,0.3261319504197577,2026-03-01,2026-08-31,1.063580864053094e-05,6,0.9097589044346096,0.9097589044346096,True
Roblox,STATEMENT_CATEGORY_SCAMS_AND_FRAUD,3448875,3423568,0,25307,980443,1901539,262222,0,0,2163761,0.9926622449349426,0.0,0.0073377550650574,0.2842790765104563,0.5513505128483925,0.0760311695842847,0.0,0.0,0.6273816824326773,2026-03-01,2026-08-31,0.13259946869071615,6,0.8600627762442264,0.8600627762442264,True
Roblox,STATEMENT_CATEGORY_SELF_HARM,336996,327903,0,9093,332690,0,0,0,0,0,0.9730174838870492,0.0,0.0269825161129508,0.9872224002658784,0.0,0.0,0.0,0.0,0.0,2026-03-01,2026-08-31,0.0267558528428093,5,0.9462616310442399,0.9462616310442399,True
Roblox,STATEMENT_CATEGORY_UNSAFE_AND_PROHIBITED_PRODUCTS,238977,226029,0,12948,168844,3113,7978,0,0,11091,0.9458190537164664,0.0,0.0541809462835335,0.7065282433037489,0.0130263581850973,0.0333839658209785,0.0,0.0,0.0464103240060759,2026-03-01,2026-08-31,0.13621085072539285,6,0.8096082029910735,0.8096082029910735,True
Roblox,STATEMENT_CATEGORY_VIOLENCE,213908,186233,0,27675,51719,14343,31984,0,0,46327,0.8706219496232025,0.0,0.1293780503767975,0.2417815135478803,0.0670521906614058,0.1495222245077323,0.0,0.0,0.2165744151691381,2026-03-01,2026-08-31,0.25253811924192543,6,0.618083830381277,0.618083830381277,True
Snapchat,STATEMENT_CATEGORY_CYBER_VIOLENCE,282895,25232,0,257663,254983,0,27912,0,0,27912,0.0891921030771134,0.0,0.9108078969228866,0.9013344173633326,0.0,0.0986655826366673,0.0,0.0,0.0986655826366673,2026-03-01,2026-08-31,0.0585154205874608,6,0.030676682489652593,0.030676682489652593,False
Snapchat,STATEMENT_CATEGORY_DATA_PROTECTION_AND_PRIVACY_VIOLATIONS,61,0,0,61,59,0,2,0,0,2,0.0,0.0,1.0,0.9672131147540984,0.0,0.0327868852459016,0.0,0.0,0.0327868852459016,2026-03-01,2026-08-31,0.0,5,0.0,0.0,False
Snapchat,STATEMENT_CATEGORY_ILLEGAL_OR_HARMFUL_SPEECH,56472,945,0,55527,55205,0,1266,0,0,1266,0.0167339566510837,0.0,0.9832660433489164,0.9775641025641024,0.0,0.0224181895452613,0.0,0.0,0.0224181895452613,2026-03-01,2026-08-31,0.0030082977972606,6,0.013725658853823099,0.013725658853823099,False
Snapchat,STATEMENT_CATEGORY_INTELLECTUAL_PROPERTY_INFRINGEMENTS,2236,0,0,2236,2137,0,99,0,0,99,0.0,0.0,1.0,0.9557245080500896,0.0,0.0442754919499105,0.0,0.0,0.0442754919499105,2026-03-01,2026-08-31,0.10175532591809056,6,-0.10175532591809056,0.10175532591809056,False
Snapchat,STATEMENT_CATEGORY_OTHER_VIOLATION_TC,1598941,510363,0,1088578,895914,0,236186,0,0,236186,0.3191881376486061,0.0,0.6808118623513938,0.5603171098871065,0.0,0.1477140182158066,0.0,0.0,0.1477140182158066,2026-03-01,2026-08-31,0.8297994639664898,6,-0.5106113263178838,0.5106113263178838,True
Snapchat,STATEMENT_CATEGORY_PROTECTION_OF_MINORS,80322,45339,0,34983,29223,0,51099,0,0,51099,0.5644655262568163,0.0,0.4355344737431836,0.3638231119743034,0.0,0.6361768880256966,0.0,0.0,0.6361768880256966,2026-03-01,2026-08-31,0.5413183020955408,5,0.02314722416127557,0.02314722416127557,False
Snapchat,STATEMENT_CATEGORY_RISK_FOR_PUBLIC_SECURITY,3200,37,0,3163,2882,0,318,0,0,318,0.0115625,0.0,0.9884375,0.900625,0.0,0.099375,0.0,0.0,0.099375,2026-03-01,2026-08-31,1.063580864053094e-05,6,0.011551864191359468,0.011551864191359468,False
Snapchat,STATEMENT_CATEGORY_SCAMS_AND_FRAUD,133408,3308,0,130100,118971,0,14437,0,0,14437,0.0247961141760614,0.0,0.9752038858239386,0.8917831014631806,0.0,0.1082168985368193,0.0,0.0,0.1082168985368193,2026-03-01,2026-08-31,0.6011574357661295,6,-0.576361321590068,0.576361321590068,True
Snapchat,STATEMENT_CATEGORY_SELF_HARM,1495,40,0,1455,1372,0,123,0,0,123,0.0267558528428093,0.0,0.9732441471571908,0.9177257525083612,0.0,0.0822742474916388,0.0,0.0,0.0822742474916388,2026-03-01,2026-08-31,0.6429201588001765,5,-0.6161643059573672,0.6161643059573672,True
Snapchat,STATEMENT_CATEGORY_UNSAFE_AND_PROHIBITED_PRODUCTS,583408,158933,0,424475,393746,0,189662,0,0,189662,0.2724217014507857,0.0,0.7275782985492143,0.6749067547925294,0.0,0.3250932452074705,0.0,0.0,0.3250932452074705,2026-03-01,2026-08-31,0.22026809948485016,6,0.05215360196593555,0.05215360196593555,False
Snapchat,STATEMENT_CATEGORY_VIOLENCE,97829,5308,0,92521,94712,0,3116,0,0,3116,0.0542579398746792,0.0,0.9457420601253208,0.9681382821044884,0.0,0.0318514959776753,0.0,0.0,0.0318514959776753,2026-03-01,2026-08-31,0.6019121146145217,6,-0.5476541747398425,0.5476541747398425,True
TikTok,STATEMENT_CATEGORY_ANIMAL_WELFARE,152814,134367,0,18447,112345,0,0,0,0,0,0.8792846205190624,0.0,0.1207153794809376,0.7351747876503462,0.0,0.0,0.0,0.0,0.0,2026-03-01,2026-08-31,0.0,3,0.8792846205190624,0.8792846205190624,True
TikTok,STATEMENT_CATEGORY_CYBER_VIOLENCE,7961,10,0,7951,1571,0,0,0,0,0,0.0012561236025624,0.0,0.9987438763974376,0.1973370179625675,0.0,0.0,0.0,0.0,0.0,2026-03-01,2026-08-31,0.10248341032473629,6,-0.10122728672217389,0.10122728672217389,False
TikTok,STATEMENT_CATEGORY_DATA_PROTECTION_AND_PRIVACY_VIOLATIONS,1177690,1141579,0,36111,1147327,0,0,0,0,0,0.969337431751989,0.0,0.0306625682480109,0.9742181728638266,0.0,0.0,0.0,0.0,0.0,2026-03-01,2026-08-31,0.0,5,0.969337431751989,0.969337431751989,True
TikTok,STATEMENT_CATEGORY_ILLEGAL_OR_HARMFUL_SPEECH,31595601,26398214,0,5197387,28317786,0,0,0,0,0,0.8355028283842425,0.0,0.1644971716157575,0.8962572353031044,0.0,0.0,0.0,0.0,0.0,2026-03-01,2026-08-31,0.0030082977972606,6,0.8324945305869819,0.8324945305869819,True
TikTok,STATEMENT_CATEGORY_INTELLECTUAL_PROPERTY_INFRINGEMENTS,153367,58860,0,94507,0,0,0,0,0,0,0.3837852993147156,0.0,0.6162147006852843,0.0,0.0,0.0,0.0,0.0,0.0,2026-03-01,2026-08-31,0.0001539160644395,6,0.3836313832502761,0.3836313832502761,True
TikTok,STATEMENT_CATEGORY_NEGATIVE_EFFECTS_ON_CIVIC_DISCOURSE_OR_ELECTIONS,2747411,2674845,0,72566,1540769,0,0,0,0,0,0.973587497465796,0.0,0.026412502534204,0.5608076112383622,0.0,0.0,0.0,0.0,0.0,2026-03-01,2026-08-31,0.07261570479208565,4,0.9009717926737103,0.9009717926737103,True
TikTok,STATEMENT_CATEGORY_OTHER_VIOLATION_TC,177537952,170281158,0,7256794,73654720,278962,0,0,0,278962,0.9591253930877832,0.0,0.0408746069122167,0.4148674645069692,0.0015712809394128,0.0,0.0,0.0,0.0015712809394128,2026-03-01,2026-08-31,0.6081631015203646,6,0.35096229156741865,0.35096229156741865,True
TikTok,STATEMENT_CATEGORY_PROTECTION_OF_MINORS,1372963,743210,0,629753,575229,104421,0,0,0,104421,0.5413183020955408,0.0,0.4586816979044592,0.4189690472357958,0.0760552178026647,0.0,0.0,0.0,0.0760552178026647,2026-03-01,2026-08-31,0.5644655262568163,5,-0.02314722416127557,0.02314722416127557,False
TikTok,STATEMENT_CATEGORY_RISK_FOR_PUBLIC_SECURITY,94022,2,0,94020,41047,0,0,0,0,0,2.127161728106188e-05,0.0,0.999978728382719,0.4365680372678734,0.0,0.0,0.0,0.0,0.0,2026-03-01,2026-08-31,0.0004508566275924,6,-0.0004295850103113381,0.0004295850103113381,False
TikTok,STATEMENT_CATEGORY_SCAMS_AND_FRAUD,10321873,9928734,0,393139,8406641,250207,0,0,0,250207,0.961912048326888,0.0,0.038087951673112,0.8144491799114366,0.0242404648846192,0.0,0.0,0.0,0.0242404648846192,2026-03-01,2026-08-31,0.13259946869071615,6,0.8293125796361719,0.8293125796361719,True
TikTok,STATEMENT_CATEGORY_SELF_HARM,1942352,1802791,0,139561,1058362,1,0,0,0,1,0.9281484509501884,0.0,0.0718515490498117,0.5448868176314077,5.148397406855194e-07,0.0,0.0,0.0,5.148397406855194e-07,2026-03-01,2026-08-31,0.0267558528428093,5,0.901392598107379,0.901392598107379,True
TikTok,STATEMENT_CATEGORY_UNSAFE_AND_PROHIBITED_PRODUCTS,3197,0,0,3197,474,0,0,0,0,0,0.0,0.0,1.0,0.148263997497654,0.0,0.0,0.0,0.0,0.0,2026-03-01,2026-08-31,0.356478950210243,6,-0.356478950210243,0.356478950210243,True
TikTok,STATEMENT_CATEGORY_VIOLENCE,32729673,32263549,0,466124,6839616,10,0,0,0,10,0.9857583667273424,0.0,0.0142416332726575,0.208972940242941,3.0553314724531466e-07,0.0,0.0,0.0,3.0553314724531466e-07,2026-03-01,2026-08-31,0.25253811924192543,6,0.733220247485417,0.733220247485417,True
X,STATEMENT_CATEGORY_ANIMAL_WELFARE,33,0,0,33,0,0,33,0,0,33,0.0,0.0,1.0,0.0,0.0,1.0,0.0,0.0,1.0,2026-03-01,2026-08-31,0.0408163265306122,3,-0.0408163265306122,0.0408163265306122,False
X,STATEMENT_CATEGORY_CYBER_VIOLENCE,24254,2808,0,21446,0,0,105,0,0,105,0.1157747175723592,0.0,0.8842252824276408,0.0,0.0,0.0043291828152057,0.0,0.0,0.0043291828152057,2026-03-01,2026-08-31,0.0452241133398379,6,0.0705506042325213,0.0705506042325213,False
X,STATEMENT_CATEGORY_DATA_PROTECTION_AND_PRIVACY_VIOLATIONS,507,0,0,507,0,3,37,3,0,40,0.0,0.0,1.0,0.0,0.0059171597633136,0.0729783037475345,0.0059171597633136,0.0,0.0788954635108481,2026-03-01,2026-08-31,0.0,5,0.0,0.0,False
X,STATEMENT_CATEGORY_ILLEGAL_OR_HARMFUL_SPEECH,60,0,0,60,0,0,0,0,0,0,0.0,0.0,1.0,0.0,0.0,0.0,0.0,0.0,0.0,2026-03-01,2026-08-31,0.0112109060710259,6,-0.0112109060710259,0.0112109060710259,False
X,STATEMENT_CATEGORY_INTELLECTUAL_PROPERTY_INFRINGEMENTS,13051,2652,0,10399,0,0,8467,0,0,8467,0.2032028197073021,0.0,0.7967971802926979,0.0,0.0,0.6487625469312697,0.0,0.0,0.6487625469312697,2026-03-01,2026-08-31,0.0001539160644395,6,0.2030489036428626,0.2030489036428626,False
X,STATEMENT_CATEGORY_OTHER_VIOLATION_TC,140402,110157,0,30245,0,308,654,308,0,962,0.784582840700275,0.0,0.215417159299725,0.0,0.0021937009444309,0.0046580533040839,0.0021937009444309,0.0,0.0068517542485149,2026-03-01,2026-08-31,0.6533797247865795,6,0.1312031159136955,0.1312031159136955,False
X,STATEMENT_CATEGORY_PROTECTION_OF_MINORS,305052,240020,0,65032,0,4,304868,4,0,304872,0.7868166738785518,0.0,0.2131833261214481,0.0,1.3112518521432413e-05,0.999396824148014,1.3112518521432413e-05,0.0,0.9994099366665355,2026-03-01,2026-08-31,0.5413183020955408,5,0.24549837178301104,0.24549837178301104,False
X,STATEMENT_CATEGORY_RISK_FOR_PUBLIC_SECURITY,11,0,0,11,0,0,11,0,0,11,0.0,0.0,1.0,0.0,0.0,1.0,0.0,0.0,1.0,2026-03-01,2026-08-31,0.00046149243623293094,6,-0.00046149243623293094,0.00046149243623293094,False
X,STATEMENT_CATEGORY_SCAMS_AND_FRAUD,1569258,1543094,0,26164,0,5,1510414,5,0,1510419,0.9833271520680474,0.0,0.0166728479319525,0.0,3.1862192195292296e-06,0.9625020232492044,3.1862192195292296e-06,0.0,0.962505209468424,2026-03-01,2026-08-31,0.13259946869071615,6,0.8507276833773313,0.8507276833773313,True
X,STATEMENT_CATEGORY_SELF_HARM,22670,14575,0,8095,1,0,444,0,0,444,0.6429201588001765,0.0,0.3570798411998235,4.411116012351125e-05,0.0,0.0195853550948389,0.0,0.0,0.0195853550948389,2026-03-01,2026-08-31,0.0267558528428093,5,0.6161643059573672,0.6161643059573672,True
X,STATEMENT_CATEGORY_UNSAFE_AND_PROHIBITED_PRODUCTS,31952,0,0,31952,0,0,31952,0,0,31952,0.0,0.0,1.0,0.0,0.0,1.0,0.0,0.0,1.0,2026-03-01,2026-08-31,0.356478950210243,6,-0.356478950210243,0.356478950210243,True
X,STATEMENT_CATEGORY_VIOLENCE,49236,37075,0,12161,0,0,1332,0,0,1332,0.7530059306198716,0.0,0.2469940693801283,0.0,0.0,0.0270533755788447,0.0,0.0,0.0270533755788447,2026-03-01,2026-08-31,0.25253811924192543,6,0.5004678113779462,0.5004678113779462,True
YouTube,STATEMENT_CATEGORY_ANIMAL_WELFARE,245,10,0,235,245,0,0,0,0,0,0.0408163265306122,0.0,0.9591836734693876,1.0,0.0,0.0,0.0,0.0,0.0,2026-03-01,2026-08-31,0.0,3,0.0408163265306122,0.0408163265306122,False
YouTube,STATEMENT_CATEGORY_CONSUMER_INFORMATION,5882134,2026217,0,3855917,5836518,0,0,44418,0,44418,0.3444697111626494,0.0,0.6555302888373505,0.9922449913585784,0.0,0.0,0.0075513410609142,0.0,0.0075513410609142,2026-03-01,2026-08-31,0.0,2,0.3444697111626494,0.3444697111626494,True
YouTube,STATEMENT_CATEGORY_CYBER_VIOLENCE,957,0,0,957,638,0,0,17,0,17,0.0,0.0,1.0,0.6666666666666666,0.0,0.0,0.0177638453500522,0.0,0.0177638453500522,2026-03-01,2026-08-31,0.10248341032473629,6,-0.10248341032473629,0.10248341032473629,False
YouTube,STATEMENT_CATEGORY_DATA_PROTECTION_AND_PRIVACY_VIOLATIONS,63965,0,48028,15937,60238,0,0,829,0,829,0.0,0.7508481200656609,0.2491518799343391,0.9417337606503556,0.0,0.0,0.0129602126162745,0.0,0.0129602126162745,2026-03-01,2026-08-31,0.0,5,0.0,0.0,False
YouTube,STATEMENT_CATEGORY_ILLEGAL_OR_HARMFUL_SPEECH,36503,12,16682,19809,17293,0,0,1851,0,1851,0.0003287401035531,0.4570035339561132,0.5426677259403336,0.4737418842286935,0.0,0.0,0.0507081609730707,0.0,0.0507081609730707,2026-03-01,2026-08-31,0.0112109060710259,6,-0.0108821659674728,0.0108821659674728,False
YouTube,STATEMENT_CATEGORY_INTELLECTUAL_PROPERTY_INFRINGEMENTS,204657,63,142254,62340,180443,0,0,3504,0,3504,0.000307832128879,0.6950849470088978,0.3046072208622231,0.8816849655765501,0.0,0.0,0.0171213298347967,0.0,0.0171213298347967,2026-03-01,2026-08-31,0.10160140985365106,6,-0.10129357772477206,0.10129357772477206,False
YouTube,STATEMENT_CATEGORY_NEGATIVE_EFFECTS_ON_CIVIC_DISCOURSE_OR_ELECTIONS,1047018,24922,0,1022096,8405,0,0,0,0,0,0.0238028381555999,0.0,0.9761971618444,0.0080275601756607,0.0,0.0,0.0,0.0,0.0,2026-03-01,2026-08-31,0.5475080344471837,4,-0.5237051962915837,0.5237051962915837,True
YouTube,STATEMENT_CATEGORY_OTHER_VIOLATION_TC,22253672,19472321,1997583,783768,20620751,0,0,332626,0,332626,0.8750160872327047,0.0897641971176711,0.035219715649624,0.926622401911918,0.0,0.0,0.0149470163845319,0.0,0.0149470163845319,2026-03-01,2026-08-31,0.6081631015203646,6,0.2668529857123402,0.2668529857123402,True
YouTube,STATEMENT_CATEGORY_PROTECTION_OF_MINORS,622567,313,622227,27,616204,0,0,2,0,2,0.0005027571329672,0.9994538740408664,4.336882616650096e-05,0.9897794133000946,0.0,0.0,3.212505641963034e-06,0.0,3.212505641963034e-06,2026-03-01,2026-08-31,0.5644655262568163,5,-0.5639627691238491,0.5639627691238491,True
YouTube,STATEMENT_CATEGORY_RISK_FOR_PUBLIC_SECURITY,1109,1,0,1108,1029,0,0,563,0,563,0.0009017132551848,0.0,0.9990982867448152,0.927862939585212,0.0,0.0,0.5076645626690712,0.0,0.5076645626690712,2026-03-01,2026-08-31,1.063580864053094e-05,6,0.0008910774465442691,0.0008910774465442691,False
YouTube,STATEMENT_CATEGORY_SCAMS_AND_FRAUD,9913369,19745,8088,9885536,9811800,0,0,110657,0,110657,0.0019917547707545,0.0008158679455995,0.997192377283646,0.9897543408300448,0.0,0.0,0.011162400996069,0.0,0.011162400996069,2026-03-01,2026-08-31,0.6011574357661295,6,-0.5991656809953749,0.5991656809953749,True
YouTube,STATEMENT_CATEGORY_UNSAFE_AND_PROHIBITED_PRODUCTS,2131341,1959609,0,171732,470185,0,0,24,0,24,0.9194253758549196,0.0,0.0805746241450804,0.2206052433655618,0.0,0.0,1.1260516266519527e-05,0.0,1.1260516266519527e-05,2026-03-01,2026-08-31,0.13621085072539285,6,0.7832145251295267,0.7832145251295267,True
YouTube,STATEMENT_CATEGORY_VIOLENCE,17903,8071,0,9832,17903,0,0,0,0,0,0.4508182986091716,0.0,0.5491817013908283,1.0,0.0,0.0,0.0,0.0,0.0,2026-03-01,2026-08-31,0.4036319352472754,6,0.04718636336189619,0.04718636336189619,False
