week_start,platform_name,category,represented_sors,fully_auto_sors,partially_auto_sors,not_auto_sors,content_removed_sors,account_terminated_sors,account_suspended_sors,service_terminated_sors,service_suspended_sors,account_or_service_restriction_sors,fully_automated_rate,partially_automated_rate,not_automated_rate,content_removed_rate,account_terminated_rate,account_suspended_rate,service_terminated_rate,service_suspended_rate,account_or_service_restriction_rate,complete_study_week,previous_week_start,previous_week_volume,automation_change,automation_change_abs,days_since_previous,reliable_comparisons,robust_change_score,temporal_alert
2026-03-30,LinkedIn,STATEMENT_CATEGORY_OTHER_VIOLATION_TC,9920,7227,0,2693,9030,0,55,2,0,57,0.7285282258064516,0.0,0.2714717741935484,0.910282258064516,0.0,0.0055443548387096,0.0002016129032258,0.0,0.0057459677419354,True,2026-03-23,4604.0,0.3395186688994143,0.3395186688994143,7.0,25,3.5211066765948784,True
2026-08-24,Roblox,STATEMENT_CATEGORY_CYBER_VIOLENCE,198115,187180,0,10935,143178,779,21704,0,0,22483,0.9448047850995632,0.0,0.0551952149004366,0.7227014612724932,0.0039320596623173,0.1095525326199429,0.0,0.0,0.1134845922822603,True,2026-08-17,62830.0,0.17251447792146357,0.17251447792146357,7.0,25,13.616209213878143,True
2026-03-16,Roblox,STATEMENT_CATEGORY_ILLEGAL_OR_HARMFUL_SPEECH,22859,16687,0,6172,0,8894,6400,0,0,15294,0.7299969377488079,0.0,0.2700030622511921,0.0,0.3890808871779168,0.2799772518482873,0.0,0.0,0.6690581390262041,True,2026-03-09,23649.0,0.11305753227711779,0.11305753227711779,7.0,25,3.9795612192537897,True
2026-04-27,Roblox,STATEMENT_CATEGORY_ILLEGAL_OR_HARMFUL_SPEECH,40093,35921,0,4172,0,199,6717,0,0,6916,0.8959419350011224,0.0,0.1040580649988776,0.0,0.0049634599556032,0.1675354800089791,0.0,0.0,0.1724989399645823,True,2026-04-20,13781.0,0.11312501315220003,0.11312501315220003,7.0,25,3.981898506085742,True
2026-08-17,Roblox,STATEMENT_CATEGORY_ILLEGAL_OR_HARMFUL_SPEECH,115495,109923,0,5572,60874,13172,27275,0,0,40447,0.9517554872505304,0.0,0.0482445127494696,0.5270704359496082,0.1140482271959825,0.2361574094116628,0.0,0.0,0.3502056366076453,True,2026-08-10,29041.0,0.12261737217184854,0.12261737217184854,7.0,25,4.310678559897304,True
2026-05-11,Roblox,STATEMENT_CATEGORY_PROTECTION_OF_MINORS,1057,288,0,769,0,832,65,0,0,897,0.2724692526017029,0.0,0.727530747398297,0.0,0.7871333964049196,0.0614947965941343,0.0,0.0,0.8486281929990539,True,2026-05-04,3259.0,-0.49371669400768653,0.49371669400768653,7.0,15,-8.605820865098176,True
2026-08-03,Roblox,STATEMENT_CATEGORY_PROTECTION_OF_MINORS,4166,1549,0,2617,1440,2231,286,0,0,2517,0.371819491118579,0.0,0.6281805088814211,0.3456553048487758,0.5355256841094576,0.0686509841574651,0.0,0.0,0.6041766682669227,True,2026-07-27,3930.0,-0.25362580150228614,0.25362580150228614,7.0,15,-4.745545253820063,True
2026-08-17,Roblox,STATEMENT_CATEGORY_PROTECTION_OF_MINORS,6429,5509,0,920,4327,1853,59,0,0,1912,0.8568984289936227,0.0,0.1431015710063773,0.673044019287603,0.2882252294291492,0.0091771659667133,0.0,0.0,0.2974023953958625,True,2026-08-10,3725.0,0.4179722544969784,0.4179722544969784,7.0,15,6.052671909279694,True
2026-07-20,Roblox,STATEMENT_CATEGORY_UNSAFE_AND_PROHIBITED_PRODUCTS,9215,8671,0,544,7446,14,387,0,0,401,0.940965816603364,0.0,0.0590341833966359,0.8080303852414541,0.0015192620727075,0.0419967444384156,0.0,0.0,0.0435160065111231,True,2026-07-13,1705.0,0.17615643243914114,0.17615643243914114,7.0,17,4.118143259347161,True
2026-03-16,Roblox,STATEMENT_CATEGORY_VIOLENCE,1579,1092,0,487,0,1200,357,0,0,1557,0.6915769474350855,0.0,0.3084230525649145,0.0,0.759974667511083,0.2260924635845471,0.0,0.0,0.9860671310956302,True,2026-03-09,1045.0,0.36047646896618596,0.36047646896618596,7.0,20,4.660606964814441,True
2026-07-20,Roblox,STATEMENT_CATEGORY_VIOLENCE,12483,7541,0,4942,1850,1107,1854,0,0,2961,0.604101578146279,0.0,0.395898421853721,0.1482015541135944,0.0886806056236481,0.1485219899062725,0.0,0.0,0.2372025955299206,True,2026-07-13,7486.0,-0.3050621942288212,0.3050621942288212,7.0,20,-4.36243141026315,True
2026-08-17,Snapchat,STATEMENT_CATEGORY_PROTECTION_OF_MINORS,6998,5206,0,1792,3208,0,3790,0,0,3790,0.7439268362389254,0.0,0.2560731637610746,0.4584166904829951,0.0,0.5415833095170048,0.0,0.0,0.5415833095170048,True,2026-08-10,2650.0,0.21788910038986886,0.21788910038986886,7.0,25,4.710172168045567,True
2026-03-23,Snapchat,STATEMENT_CATEGORY_UNSAFE_AND_PROHIBITED_PRODUCTS,31320,9969,0,21351,16138,0,15182,0,0,15182,0.3182950191570881,0.0,0.6817049808429119,0.5152618135376756,0.0,0.4847381864623244,0.0,0.0,0.4847381864623244,True,2026-03-16,22737.0,0.12121536924724949,0.12121536924724949,7.0,25,5.775400429665607,True
2026-03-30,Snapchat,STATEMENT_CATEGORY_UNSAFE_AND_PROHIBITED_PRODUCTS,24406,4644,0,19762,15735,0,8671,0,0,8671,0.1902810784233385,0.0,0.8097189215766615,0.6447185118413505,0.0,0.3552814881586495,0.0,0.0,0.3552814881586495,True,2026-03-23,31320.0,-0.12801394073374958,0.12801394073374958,7.0,25,-6.5549204643984345,True
2026-04-06,Snapchat,STATEMENT_CATEGORY_UNSAFE_AND_PROHIBITED_PRODUCTS,25550,7529,0,18021,14868,0,10682,0,0,10682,0.2946771037181996,0.0,0.7053228962818003,0.581917808219178,0.0,0.4180821917808219,0.0,0.0,0.4180821917808219,True,2026-03-30,24406.0,0.10439602529486111,0.10439602529486111,7.0,25,4.943283580421853,True
2026-06-15,Snapchat,STATEMENT_CATEGORY_UNSAFE_AND_PROHIBITED_PRODUCTS,20113,7845,0,12268,14140,0,5973,0,0,5973,0.3900462387510565,0.0,0.6099537612489435,0.7030278924078954,0.0,0.2969721075921046,0.0,0.0,0.2969721075921046,True,2026-06-08,22449.0,0.1218383007582729,0.1218383007582729,7.0,25,5.806219218300573,True
2026-07-06,Snapchat,STATEMENT_CATEGORY_UNSAFE_AND_PROHIBITED_PRODUCTS,32970,9884,0,23086,19925,0,13045,0,0,13045,0.2997876857749469,0.0,0.700212314225053,0.6043372763117986,0.0,0.3956627236882014,0.0,0.0,0.3956627236882014,True,2026-06-29,22985.0,-0.10634674972646707,0.10634674972646707,7.0,25,-5.482962202293788,True
2026-03-09,TikTok,STATEMENT_CATEGORY_DATA_PROTECTION_AND_PRIVACY_VIOLATIONS,38977,37318,0,1659,37551,0,0,0,0,0,0.9574364368730276,0.0,0.0425635631269723,0.9634143212663878,0.0,0.0,0.0,0.0,0.0,True,2026-03-02,5957.0,0.24382220151966183,0.24382220151966183,7.0,25,22.752882390448367,True
2026-03-09,TikTok,STATEMENT_CATEGORY_NEGATIVE_EFFECTS_ON_CIVIC_DISCOURSE_OR_ELECTIONS,20669,14974,0,5695,11198,0,0,0,0,0,0.724466592481494,0.0,0.2755334075185059,0.5417775412453433,0.0,0.0,0.0,0.0,0.0,True,2026-03-02,22837.0,0.17903593171169063,0.17903593171169063,7.0,25,26.19004782222996,True
2026-06-01,TikTok,STATEMENT_CATEGORY_PROTECTION_OF_MINORS,66786,41837,0,24949,33531,2826,0,0,0,2826,0.6264336837061659,0.0,0.373566316293834,0.502066301320636,0.0423142574791123,0.0,0.0,0.0,0.0423142574791123,True,2026-05-25,75811.0,0.25812301638875823,0.25812301638875823,7.0,25,4.947014045718416,True
2026-06-08,TikTok,STATEMENT_CATEGORY_PROTECTION_OF_MINORS,62505,55578,0,6927,36938,198,0,0,0,198,0.889176865850732,0.0,0.110823134149268,0.5909607231421486,0.0031677465802735,0.0,0.0,0.0,0.0031677465802735,True,2026-06-01,66786.0,0.26274318214456605,0.26274318214456605,7.0,25,5.038128459342374,True
2026-05-04,TikTok,STATEMENT_CATEGORY_VIOLENCE,232277,219420,0,12857,166272,0,0,0,0,0,0.9446479849490048,0.0,0.0553520150509951,0.7158349728987373,0.0,0.0,0.0,0.0,0.0,True,2026-04-27,270077.0,0.10418767177905697,0.10418767177905697,7.0,25,14.157693055111185,True
2026-04-27,X,STATEMENT_CATEGORY_OTHER_VIOLATION_TC,13406,12413,0,993,0,17,12,17,0,29,0.9259286886468744,0.0,0.0740713113531254,0.0,0.001268088915411,0.0008951215873489,0.001268088915411,0.0,0.0021632105027599,True,2026-04-20,4830.0,0.1621605727048454,0.1621605727048454,7.0,25,4.240822835776786,True
2026-07-06,X,STATEMENT_CATEGORY_PROTECTION_OF_MINORS,22807,21069,0,1738,0,0,22802,0,0,22802,0.9237953259964046,0.0,0.0762046740035953,0.0,0.0,0.99978076906213,0.0,0.0,0.99978076906213,True,2026-06-29,2150.0,0.9219348608801256,0.9219348608801256,7.0,25,509.90275979193615,True
2026-03-09,X,STATEMENT_CATEGORY_SCAMS_AND_FRAUD,2371,1298,0,1073,0,0,378,0,0,378,0.5474483340362716,0.0,0.4525516659637283,0.0,0.0,0.1594264023618726,0.0,0.0,0.1594264023618726,True,2026-03-02,2638.0,-0.1818920753647898,0.1818920753647898,7.0,25,-23.81300297400349,True
2026-03-23,X,STATEMENT_CATEGORY_SCAMS_AND_FRAUD,58399,57703,0,696,0,0,57181,0,0,57181,0.9880819877052688,0.0,0.011918012294731,0.0,0.0,0.9791434784842208,0.0,0.0,0.9791434784842208,True,2026-03-16,2750.0,0.3739001695234506,0.3739001695234506,7.0,25,48.14460580489794,True
2026-08-24,YouTube,STATEMENT_CATEGORY_CONSUMER_INFORMATION,122437,106926,0,15511,120755,0,0,1203,0,1203,0.8733144392626412,0.0,0.1266855607373588,0.9862623226639006,0.0,0.0,0.0098254612576263,0.0,0.0098254612576263,True,2026-08-17,473901.0,0.807828187914786,0.807828187914786,7.0,25,3.530694838796197,True
2026-07-13,YouTube,STATEMENT_CATEGORY_NEGATIVE_EFFECTS_ON_CIVIC_DISCOURSE_OR_ELECTIONS,3840,1527,0,2313,13,0,0,0,0,0,0.39765625,0.0,0.60234375,0.0033854166666666,0.0,0.0,0.0,0.0,0.0,True,2026-07-06,4822.0,0.24108221433015348,0.24108221433015348,7.0,25,6.420908112681716,True
2026-08-03,YouTube,STATEMENT_CATEGORY_OTHER_VIOLATION_TC,820081,462115,344852,13114,498447,0,0,9621,0,9621,0.5634992153214133,0.4205096813607436,0.0159911033178429,0.60780215612848,0.0,0.0,0.0117317679595064,0.0,0.0117317679595064,True,2026-07-27,549360.0,-0.309680484693149,0.309680484693149,7.0,25,-3.534918626411016,True
2026-08-10,YouTube,STATEMENT_CATEGORY_OTHER_VIOLATION_TC,635062,564563,58631,11868,595202,0,0,8358,0,8358,0.8889887916455401,0.0923232692241072,0.0186879391303526,0.9372344747441982,0.0,0.0,0.013160919721224,0.0,0.013160919721224,True,2026-08-03,820081.0,0.3254895763241268,0.3254895763241268,7.0,25,3.9135813276054585,True
