seed_a,seed_b,jaccard_similarity
11,22,0.8181818181818182
11,33,0.9047619047619048
11,44,0.9047619047619048
11,55,0.8181818181818182
11,66,0.9047619047619048
11,77,0.9047619047619048
11,88,0.9047619047619048
11,99,0.9047619047619048
11,111,0.9047619047619048
22,33,0.9047619047619048
22,44,0.9047619047619048
22,55,0.8181818181818182
22,66,0.9047619047619048
22,77,0.9047619047619048
22,88,0.8181818181818182
22,99,0.9047619047619048
22,111,0.8181818181818182
33,44,0.9047619047619048
33,55,0.8181818181818182
33,66,0.9047619047619048
33,77,0.9047619047619048
33,88,0.9047619047619048
33,99,0.9047619047619048
33,111,0.8181818181818182
44,55,0.8181818181818182
44,66,1.0
44,77,1.0
44,88,0.9047619047619048
44,99,1.0
44,111,0.9047619047619048
55,66,0.8181818181818182
55,77,0.8181818181818182
55,88,0.7391304347826086
55,99,0.8181818181818182
55,111,0.8181818181818182
66,77,1.0
66,88,0.9047619047619048
66,99,1.0
66,111,0.9047619047619048
77,88,0.9047619047619048
77,99,1.0
77,111,0.9047619047619048
88,99,0.9047619047619048
88,111,0.8181818181818182
99,111,0.9047619047619048
