week_start,platform_name,category,represented_sors,fully_auto_sors,partially_auto_sors,not_auto_sors,content_removed_sors,account_terminated_sors,account_suspended_sors,service_terminated_sors,service_suspended_sors,account_or_service_restriction_sors,fully_automated_rate,partially_automated_rate,not_automated_rate,content_removed_rate,account_terminated_rate,account_suspended_rate,service_terminated_rate,service_suspended_rate,account_or_service_restriction_rate,complete_study_week,previous_week_start,previous_week_volume,automation_change,automation_change_abs,days_since_previous,reliable_comparisons,robust_change_score,temporal_alert,weekly_peer_median_automation_rate,weekly_peer_support_count,weekly_peer_divergence_abs,log1p_represented_sors,seed_inclusion_count,stable_anomaly,anomaly_score,anomaly_rank,largest_deviation_feature,largest_abs_scaled_deviation
2026-03-30,LinkedIn,STATEMENT_CATEGORY_OTHER_VIOLATION_TC,9920,7227,0,2693,9030,0,55,2,0,57,0.7285282258064516,0.0,0.2714717741935484,0.910282258064516,0.0,0.0055443548387096,0.0002016129032258,0.0,0.0057459677419354,True,2026-03-23,4604.0,0.3395186688994143,0.3395186688994143,7.0,25,3.5211066765948784,True,0.8335019004632536,6,0.10497367465680196,9.202409001649903,10,True,0.07423274435964088,9,automation_change_abs,12.685248716846155
2026-04-06,LinkedIn,STATEMENT_CATEGORY_OTHER_VIOLATION_TC,4125,1571,0,2554,3203,0,54,5,0,59,0.3808484848484848,0.0,0.6191515151515151,0.7764848484848484,0.0,0.013090909090909,0.0012121212121212,0.0,0.0143030303030303,True,2026-03-30,9920.0,-0.3476797409579668,0.3476797409579668,7.0,25,-3.3794789922685458,False,0.8315090648451616,6,0.4506605799966768,8.325063693631197,9,True,0.04625717709066298,18,automation_change_abs,12.994509488685543
2026-08-24,Roblox,STATEMENT_CATEGORY_OTHER_VIOLATION_TC,3836571,3810570,0,26001,553087,3162064,60175,0,0,3222239,0.9932228544708284,0.0,0.0067771455291717,0.1441618049033889,0.824190142708163,0.0156845787553521,0.0,0.0,0.8398747214635152,True,2026-08-17,384505.0,0.06797610865477921,0.06797610865477921,7.0,25,8.540419006009662,False,0.5850071964134768,6,0.4082156580573516,15.160089817529192,10,True,0.04986653090890344,17,account_or_service_restriction_rate,2.491059681439073
2026-05-11,Roblox,STATEMENT_CATEGORY_PROTECTION_OF_MINORS,1057,288,0,769,0,832,65,0,0,897,0.2724692526017029,0.0,0.727530747398297,0.0,0.7871333964049196,0.0614947965941343,0.0,0.0,0.8486281929990539,True,2026-05-04,3259.0,-0.49371669400768653,0.49371669400768653,7.0,15,-8.605820865098176,True,0.0006203473945409,5,0.271848905207162,6.964135612418245,10,True,0.1165495682554059,1,automation_change_abs,18.52852517843784
2026-08-03,Roblox,STATEMENT_CATEGORY_PROTECTION_OF_MINORS,4166,1549,0,2617,1440,2231,286,0,0,2517,0.371819491118579,0.0,0.6281805088814211,0.3456553048487758,0.5355256841094576,0.0686509841574651,0.0,0.0,0.6041766682669227,True,2026-07-27,3930.0,-0.25362580150228614,0.25362580150228614,7.0,15,-4.745545253820063,True,0.567814476458187,5,0.19599498533960796,8.334951631422454,10,True,0.05749610364335465,14,automation_change_abs,9.430370647377744
2026-08-17,Roblox,STATEMENT_CATEGORY_PROTECTION_OF_MINORS,6429,5509,0,920,4327,1853,59,0,0,1912,0.8568984289936227,0.0,0.1431015710063773,0.673044019287603,0.2882252294291492,0.0091771659667133,0.0,0.0,0.2974023953958625,True,2026-08-10,3725.0,0.4179722544969784,0.4179722544969784,7.0,15,6.052671909279694,True,0.7439268362389254,5,0.11297159275469726,8.768729817231666,10,True,0.10324882182391174,3,automation_change_abs,15.658217986250381
2026-03-09,Roblox,STATEMENT_CATEGORY_VIOLENCE,1045,346,0,699,0,577,438,0,0,1015,0.3311004784688995,0.0,0.6688995215311004,0.0,0.5521531100478468,0.4191387559808612,0.0,0.0,0.971291866028708,True,2026-03-02,2315.0,0.1414676490952494,0.1414676490952494,7.0,20,1.6913955643989274,False,0.3634794975886483,4,0.032379019119748775,6.952728644624869,10,True,0.0824246541606652,6,automation_change_abs,5.18017943075566
2026-03-16,Roblox,STATEMENT_CATEGORY_VIOLENCE,1579,1092,0,487,0,1200,357,0,0,1557,0.6915769474350855,0.0,0.3084230525649145,0.0,0.759974667511083,0.2260924635845471,0.0,0.0,0.9860671310956302,True,2026-03-09,1045.0,0.36047646896618596,0.36047646896618596,7.0,20,4.660606964814441,True,0.3717888211786006,4,0.31978812625648484,7.365180126021013,10,True,0.0880156642461422,5,automation_change_abs,13.479436708105595
2026-07-20,Roblox,STATEMENT_CATEGORY_VIOLENCE,12483,7541,0,4942,1850,1107,1854,0,0,2961,0.604101578146279,0.0,0.395898421853721,0.1482015541135944,0.0886806056236481,0.1485219899062725,0.0,0.0,0.2372025955299206,True,2026-07-13,7486.0,-0.3050621942288212,0.3050621942288212,7.0,20,-4.36243141026315,True,0.41361108616660347,4,0.1904904919796755,9.43220310339067,10,True,0.06060553955896475,12,automation_change_abs,11.37953350259011
2026-08-17,Snapchat,STATEMENT_CATEGORY_PROTECTION_OF_MINORS,6998,5206,0,1792,3208,0,3790,0,0,3790,0.7439268362389254,0.0,0.2560731637610746,0.4584166904829951,0.0,0.5415833095170048,0.0,0.0,0.5415833095170048,True,2026-08-10,2650.0,0.21788910038986886,0.21788910038986886,7.0,25,4.710172168045567,True,0.8568984289936227,5,0.11297159275469726,8.85352256068954,10,True,0.05789191845363577,13,automation_change_abs,8.076141731161082
2026-06-22,TikTok,STATEMENT_CATEGORY_INTELLECTUAL_PROPERTY_INFRINGEMENTS,7675,919,0,6756,0,0,0,0,0,0,0.1197394136807817,0.0,0.8802605863192182,0.0,0.0,0.0,0.0,0.0,0.0,True,2026-06-15,3133.0,-0.2613649591248359,0.2613649591248359,7.0,25,-2.3955123421655182,False,0.0001846040243677,2,0.119554809656414,8.94585385712759,10,True,0.053678097220013266,15,automation_change_abs,9.723643129542415
2026-07-06,X,STATEMENT_CATEGORY_PROTECTION_OF_MINORS,22807,21069,0,1738,0,0,22802,0,0,22802,0.9237953259964046,0.0,0.0762046740035953,0.0,0.0,0.99978076906213,0.0,0.0,0.99978076906213,True,2026-06-29,2150.0,0.9219348608801256,0.9219348608801256,7.0,25,509.90275979193615,True,0.475378053509112,5,0.4484172724872926,10.034866630592507,10,True,0.1043063434525422,2,automation_change_abs,34.75569237564876
2026-03-23,X,STATEMENT_CATEGORY_SCAMS_AND_FRAUD,58399,57703,0,696,0,0,57181,0,0,57181,0.9880819877052688,0.0,0.011918012294731,0.0,0.0,0.9791434784842208,0.0,0.0,0.9791434784842208,True,2026-03-16,2750.0,0.3739001695234506,0.3739001695234506,7.0,25,48.14460580489794,True,0.018771028864884,5,0.9693109588403848,10.975071168816319,10,True,0.08111915408739781,7,automation_change_abs,13.988122817662727
2026-04-13,YouTube,STATEMENT_CATEGORY_OTHER_VIOLATION_TC,4470407,4416018,38224,16165,4445518,0,0,11204,0,11204,0.9878335462520528,0.0085504518939774,0.0036160018539698,0.994432497980609,0.0,0.0,0.0025062594971777,0.0,0.0025062594971777,True,2026-04-06,728145.0,0.17154832833529166,0.17154832833529166,7.0,25,2.1083460859921255,False,0.627795562849361,6,0.3600379834026918,15.312990237592212,10,True,0.053520942324953816,16,automation_change_abs,6.320075514564836
2026-04-27,YouTube,STATEMENT_CATEGORY_OTHER_VIOLATION_TC,1220720,873545,331153,16022,904833,0,0,15558,0,15558,0.7155981715708762,0.27127678746969,0.0131250409594337,0.7412289468510387,0.0,0.0,0.0127449374139851,0.0,0.0127449374139851,True,2026-04-20,966967.0,-0.18091122326886488,0.18091122326886488,7.0,25,-2.0248697486956853,False,0.7119660556754053,6,0.0036321158954709665,14.014952225753957,10,True,0.06263761984168985,10,automation_change_abs,6.6748789145389225
2026-06-15,YouTube,STATEMENT_CATEGORY_OTHER_VIOLATION_TC,633900,464227,153827,15846,551957,0,0,29607,0,29607,0.7323347531156333,0.2426676131882,0.0249976336961665,0.8707319766524688,0.0,0.0,0.0467061050638902,0.0,0.0467061050638902,True,2026-06-08,525914.0,-0.2415849371759352,0.2415849371759352,7.0,25,-2.7363770803275047,False,0.6705946533374583,6,0.06174009977817507,13.359648069806902,10,True,0.07975555322221743,8,automation_change_abs,8.974086599342872
2026-08-03,YouTube,STATEMENT_CATEGORY_OTHER_VIOLATION_TC,820081,462115,344852,13114,498447,0,0,9621,0,9621,0.5634992153214133,0.4205096813607436,0.0159911033178429,0.60780215612848,0.0,0.0,0.0117317679595064,0.0,0.0117317679595064,True,2026-07-27,549360.0,-0.309680484693149,0.309680484693149,7.0,25,-3.534918626411016,True,0.5641530279875919,6,0.0006538126661785881,13.61715961424077,10,True,0.10275602902346408,4,automation_change_abs,11.554541891601913
2026-08-10,YouTube,STATEMENT_CATEGORY_OTHER_VIOLATION_TC,635062,564563,58631,11868,595202,0,0,8358,0,8358,0.8889887916455401,0.0923232692241072,0.0186879391303526,0.9372344747441982,0.0,0.0,0.013160919721224,0.0,0.013160919721224,True,2026-08-03,820081.0,0.3254895763241268,0.3254895763241268,7.0,25,3.9135813276054585,True,0.5997001290611972,6,0.28928866258434294,13.36147948555201,10,True,0.06105508986517768,11,automation_change_abs,12.153621503299759
