platform_name,category,represented_sors,fully_auto_sors,partially_auto_sors,not_auto_sors,content_removed_sors,account_terminated_sors,account_suspended_sors,service_terminated_sors,service_suspended_sors,account_or_service_restriction_sors,fully_automated_rate,partially_automated_rate,not_automated_rate,content_removed_rate,account_terminated_rate,account_suspended_rate,service_terminated_rate,service_suspended_rate,account_or_service_restriction_rate,study_start,study_end
Instagram,STATEMENT_CATEGORY_CYBER_VIOLENCE,76930,0,23479,53451,74238,2649,0,0,0,2649,0.0,0.3051995320421162,0.6948004679578837,0.965007149356558,0.034433900948914596,0.0,0.0,0.0,0.034433900948914596,2026-03-01,2026-08-31
Instagram,STATEMENT_CATEGORY_DATA_PROTECTION_AND_PRIVACY_VIOLATIONS,1828260,0,1822056,6204,7443,1820812,0,0,0,1820812,0.0,0.9966066095631912,0.003393390436808769,0.004071083981490598,0.9959261811777318,0.0,0.0,0.0,0.9959261811777318,2026-03-01,2026-08-31
Instagram,STATEMENT_CATEGORY_ILLEGAL_OR_HARMFUL_SPEECH,141906,0,113021,28885,136729,149,47,0,0,196,0.0,0.7964497625188505,0.2035502374811495,0.9635181035333249,0.0010499908390061027,0.00033120516398179076,0.0,0.0,0.0013811960029878935,2026-03-01,2026-08-31
Instagram,STATEMENT_CATEGORY_INTELLECTUAL_PROPERTY_INFRINGEMENTS,358967,0,250033,108934,343217,15750,0,0,0,15750,0.0,0.6965347789629688,0.3034652210370313,0.9561241005440612,0.043875899455938845,0.0,0.0,0.0,0.043875899455938845,2026-03-01,2026-08-31
Instagram,STATEMENT_CATEGORY_NEGATIVE_EFFECTS_ON_CIVIC_DISCOURSE_OR_ELECTIONS,21883,0,21863,20,122,0,4,0,0,4,0.0,0.9990860485308231,0.0009139514691769867,0.005575103961979619,0.0,0.00018279029383539734,0.0,0.0,0.00018279029383539734,2026-03-01,2026-08-31
Instagram,STATEMENT_CATEGORY_OTHER_VIOLATION_TC,35553099,0,33841889,1711210,4043926,31508961,100,0,0,31509061,0.0,0.9518688933417591,0.04813110665824096,0.11374327734412125,0.8862507597438974,2.8126943308092495e-06,0.0,0.0,0.8862535724382282,2026-03-01,2026-08-31
Instagram,STATEMENT_CATEGORY_PROTECTION_OF_MINORS,979914,0,810061,169853,504199,475704,0,0,0,475704,0.0,0.8266654012494974,0.17333459875050258,0.5145339284876019,0.48545484603750944,0.0,0.0,0.0,0.48545484603750944,2026-03-01,2026-08-31
Instagram,STATEMENT_CATEGORY_RISK_FOR_PUBLIC_SECURITY,438626,0,372917,65709,419528,19095,3,0,0,19098,0.0,0.850193558977352,0.149806441022648,0.9564594894055528,0.04353367105461144,6.8395398357598505e-06,0.0,0.0,0.043540510594447204,2026-03-01,2026-08-31
Instagram,STATEMENT_CATEGORY_SCAMS_AND_FRAUD,11903214,0,11758830,144384,1161600,10740242,45,0,0,10740287,0.0,0.9878701668305719,0.012129833169428022,0.0975870886636164,0.9022976483494289,3.7804915546338997e-06,0.0,0.0,0.9023014288409836,2026-03-01,2026-08-31
Instagram,STATEMENT_CATEGORY_SELF_HARM,177677,0,157338,20339,177027,91,1,0,0,92,0.0,0.8855282338175453,0.11447176618245468,0.9963416761876889,0.0005121653337235545,5.628190480478621e-06,0.0,0.0,0.0005177935242040332,2026-03-01,2026-08-31
Instagram,STATEMENT_CATEGORY_UNSAFE_AND_PROHIBITED_PRODUCTS,134761,0,101604,33157,117181,17235,97,0,0,17332,0.0,0.7539570053650537,0.2460429946349463,0.8695468273461907,0.1278930847945622,0.000719792818397014,0.0,0.0,0.12861287761295923,2026-03-01,2026-08-31
Instagram,STATEMENT_CATEGORY_VIOLENCE,309276,0,239896,69380,159767,48005,0,0,0,48005,0.0,0.7756696284225093,0.22433037157749067,0.5165838927042512,0.15521734631849868,0.0,0.0,0.0,0.15521734631849868,2026-03-01,2026-08-31
LinkedIn,STATEMENT_CATEGORY_ANIMAL_WELFARE,5,0,0,5,5,0,0,0,0,0,0.0,0.0,1.0,1.0,0.0,0.0,0.0,0.0,0.0,2026-03-01,2026-08-31
LinkedIn,STATEMENT_CATEGORY_CONSUMER_INFORMATION,6,0,0,6,6,0,0,0,0,0,0.0,0.0,1.0,1.0,0.0,0.0,0.0,0.0,0.0,2026-03-01,2026-08-31
LinkedIn,STATEMENT_CATEGORY_CYBER_VIOLENCE,209241,183253,0,25988,209241,0,0,0,0,0,0.875798720136111,0.0,0.12420127986388901,1.0,0.0,0.0,0.0,0.0,0.0,2026-03-01,2026-08-31
LinkedIn,STATEMENT_CATEGORY_ILLEGAL_OR_HARMFUL_SPEECH,15999,91,0,15908,15927,0,0,72,0,72,0.005687855490968186,0.0,0.9943121445090318,0.9954997187324208,0.0,0.0,0.004500281267579224,0.0,0.004500281267579224,2026-03-01,2026-08-31
LinkedIn,STATEMENT_CATEGORY_INTELLECTUAL_PROPERTY_INFRINGEMENTS,257,0,0,257,257,0,0,0,0,0,0.0,0.0,1.0,1.0,0.0,0.0,0.0,0.0,0.0,2026-03-01,2026-08-31
LinkedIn,STATEMENT_CATEGORY_NEGATIVE_EFFECTS_ON_CIVIC_DISCOURSE_OR_ELECTIONS,1540,187,0,1353,1130,0,0,0,0,0,0.12142857142857143,0.0,0.8785714285714286,0.7337662337662337,0.0,0.0,0.0,0.0,0.0,2026-03-01,2026-08-31
LinkedIn,STATEMENT_CATEGORY_OTHER_VIOLATION_TC,126061,54426,0,71635,101822,0,966,122,0,1088,0.43174336234045424,0.0,0.5682566376595458,0.8077200720286211,0.0,0.007662956822490699,0.0009677854372089703,0.0,0.00863074225969967,2026-03-01,2026-08-31
LinkedIn,STATEMENT_CATEGORY_RISK_FOR_PUBLIC_SECURITY,21,0,0,21,21,0,0,0,0,0,0.0,0.0,1.0,1.0,0.0,0.0,0.0,0.0,0.0,2026-03-01,2026-08-31
LinkedIn,STATEMENT_CATEGORY_SCAMS_AND_FRAUD,11618,2793,0,8825,11618,0,0,0,0,0,0.24040282320537099,0.0,0.759597176794629,1.0,0.0,0.0,0.0,0.0,0.0,2026-03-01,2026-08-31
LinkedIn,STATEMENT_CATEGORY_SELF_HARM,54,0,0,54,54,0,0,0,0,0,0.0,0.0,1.0,1.0,0.0,0.0,0.0,0.0,0.0,2026-03-01,2026-08-31
LinkedIn,STATEMENT_CATEGORY_UNSAFE_AND_PROHIBITED_PRODUCTS,18053,7953,0,10100,18053,0,0,0,0,0,0.4405361989697003,0.0,0.5594638010302997,1.0,0.0,0.0,0.0,0.0,0.0,2026-03-01,2026-08-31
LinkedIn,STATEMENT_CATEGORY_VIOLENCE,2813,11,0,2802,2812,0,0,1,0,1,0.0039104159260575895,0.0,0.9960895840739424,0.9996445076430857,0.0,0.0,0.00035549235691432633,0.0,0.00035549235691432633,2026-03-01,2026-08-31
Roblox,STATEMENT_CATEGORY_CONSUMER_INFORMATION,90,0,0,90,71,0,1,0,0,1,0.0,0.0,1.0,0.7888888888888889,0.0,0.011111111111111112,0.0,0.0,0.011111111111111112,2026-03-01,2026-08-31
Roblox,STATEMENT_CATEGORY_CYBER_VIOLENCE,1603071,1351475,0,251596,269418,11881,490654,0,0,502535,0.8430537387302247,0.0,0.15694626126977532,0.16806367278804246,0.007411399744615179,0.30607128442845016,0.0,0.0,0.3134826841730653,2026-03-01,2026-08-31
Roblox,STATEMENT_CATEGORY_DATA_PROTECTION_AND_PRIVACY_VIOLATIONS,13075622,13052089,0,23533,12636562,3966,19189,0,0,23155,0.9982002385813845,0.0,0.0017997614186154968,0.9664214826644576,0.0003033125307537951,0.001467540129257331,0.0,0.0,0.001770852660011126,2026-03-01,2026-08-31
Roblox,STATEMENT_CATEGORY_ILLEGAL_OR_HARMFUL_SPEECH,1131261,992276,0,138985,355931,114641,282282,0,0,396923,0.8771415261376464,0.0,0.1228584738623536,0.31463207871569865,0.10133912510022001,0.24952862336808215,0.0,0.0,0.3508677484683022,2026-03-01,2026-08-31
Roblox,STATEMENT_CATEGORY_INTELLECTUAL_PROPERTY_INFRINGEMENTS,19553,11721,0,7832,3213,977,1096,0,0,2073,0.5994476550912904,0.0,0.40055234490870967,0.16432261034112414,0.04996675701938322,0.056052779624610034,0.0,0.0,0.10601953664399325,2026-03-01,2026-08-31
Roblox,STATEMENT_CATEGORY_NEGATIVE_EFFECTS_ON_CIVIC_DISCOURSE_OR_ELECTIONS,41926,41023,0,903,38855,530,305,0,0,835,0.978462052187187,0.0,0.02153794781281305,0.9267518961980633,0.012641320421695369,0.0072747221294662025,0.0,0.0,0.01991604255116157,2026-03-01,2026-08-31
Roblox,STATEMENT_CATEGORY_OTHER_VIOLATION_TC,50759050,50471719,0,287331,2815921,46453298,551836,0,0,47005134,0.9943393148610937,0.0,0.005660685138906264,0.05547623527233075,0.91517272289375,0.010871677070394343,0.0,0.0,0.9260443999641443,2026-03-01,2026-08-31
Roblox,STATEMENT_CATEGORY_PROTECTION_OF_MINORS,236862,212044,0,24818,192955,32186,1938,0,0,34124,0.8952216902669065,0.0,0.10477830973309353,0.8146304599302547,0.13588503010191588,0.008181979380398713,0.0,0.0,0.1440670094823146,2026-03-01,2026-08-31
Roblox,STATEMENT_CATEGORY_RISK_FOR_PUBLIC_SECURITY,86002,78242,0,7760,42394,16482,11566,0,0,28048,0.9097695402432502,0.0,0.09023045975674984,0.492942024604079,0.19164670589056068,0.134485244529197,0.0,0.0,0.3261319504197577,2026-03-01,2026-08-31
Roblox,STATEMENT_CATEGORY_SCAMS_AND_FRAUD,3448875,3423568,0,25307,980443,1901539,262222,0,0,2163761,0.9926622449349426,0.0,0.007337755065057446,0.2842790765104563,0.5513505128483925,0.07603116958428473,0.0,0.0,0.6273816824326773,2026-03-01,2026-08-31
Roblox,STATEMENT_CATEGORY_SELF_HARM,336996,327903,0,9093,332690,0,0,0,0,0,0.9730174838870491,0.0,0.026982516112950897,0.9872224002658785,0.0,0.0,0.0,0.0,0.0,2026-03-01,2026-08-31
Roblox,STATEMENT_CATEGORY_UNSAFE_AND_PROHIBITED_PRODUCTS,238977,226029,0,12948,168844,3113,7978,0,0,11091,0.9458190537164665,0.0,0.05418094628353356,0.7065282433037489,0.01302635818509731,0.033383965820978585,0.0,0.0,0.0464103240060759,2026-03-01,2026-08-31
Roblox,STATEMENT_CATEGORY_VIOLENCE,213908,186233,0,27675,51719,14343,31984,0,0,46327,0.8706219496232025,0.0,0.1293780503767975,0.24178151354788038,0.06705219066140584,0.1495222245077323,0.0,0.0,0.21657441516913814,2026-03-01,2026-08-31
Snapchat,STATEMENT_CATEGORY_CYBER_VIOLENCE,282895,25232,0,257663,254983,0,27912,0,0,27912,0.08919210307711342,0.0,0.9108078969228866,0.9013344173633326,0.0,0.09866558263666732,0.0,0.0,0.09866558263666732,2026-03-01,2026-08-31
Snapchat,STATEMENT_CATEGORY_DATA_PROTECTION_AND_PRIVACY_VIOLATIONS,61,0,0,61,59,0,2,0,0,2,0.0,0.0,1.0,0.9672131147540983,0.0,0.03278688524590164,0.0,0.0,0.03278688524590164,2026-03-01,2026-08-31
Snapchat,STATEMENT_CATEGORY_ILLEGAL_OR_HARMFUL_SPEECH,56472,945,0,55527,55205,0,1266,0,0,1266,0.016733956651083723,0.0,0.9832660433489163,0.9775641025641025,0.0,0.02241818954526137,0.0,0.0,0.02241818954526137,2026-03-01,2026-08-31
Snapchat,STATEMENT_CATEGORY_INTELLECTUAL_PROPERTY_INFRINGEMENTS,2236,0,0,2236,2137,0,99,0,0,99,0.0,0.0,1.0,0.9557245080500895,0.0,0.04427549194991055,0.0,0.0,0.04427549194991055,2026-03-01,2026-08-31
Snapchat,STATEMENT_CATEGORY_OTHER_VIOLATION_TC,1598941,510363,0,1088578,895914,0,236186,0,0,236186,0.31918813764860615,0.0,0.6808118623513938,0.5603171098871065,0.0,0.1477140182158066,0.0,0.0,0.1477140182158066,2026-03-01,2026-08-31
Snapchat,STATEMENT_CATEGORY_PROTECTION_OF_MINORS,80322,45339,0,34983,29223,0,51099,0,0,51099,0.5644655262568163,0.0,0.43553447374318366,0.36382311197430345,0.0,0.6361768880256966,0.0,0.0,0.6361768880256966,2026-03-01,2026-08-31
Snapchat,STATEMENT_CATEGORY_RISK_FOR_PUBLIC_SECURITY,3200,37,0,3163,2882,0,318,0,0,318,0.0115625,0.0,0.9884375,0.900625,0.0,0.099375,0.0,0.0,0.099375,2026-03-01,2026-08-31
Snapchat,STATEMENT_CATEGORY_SCAMS_AND_FRAUD,133408,3308,0,130100,118971,0,14437,0,0,14437,0.024796114176061406,0.0,0.9752038858239386,0.8917831014631806,0.0,0.10821689853681939,0.0,0.0,0.10821689853681939,2026-03-01,2026-08-31
Snapchat,STATEMENT_CATEGORY_SELF_HARM,1495,40,0,1455,1372,0,123,0,0,123,0.026755852842809364,0.0,0.9732441471571907,0.9177257525083612,0.0,0.0822742474916388,0.0,0.0,0.0822742474916388,2026-03-01,2026-08-31
Snapchat,STATEMENT_CATEGORY_UNSAFE_AND_PROHIBITED_PRODUCTS,583408,158933,0,424475,393746,0,189662,0,0,189662,0.2724217014507857,0.0,0.7275782985492143,0.6749067547925294,0.0,0.32509324520747057,0.0,0.0,0.32509324520747057,2026-03-01,2026-08-31
Snapchat,STATEMENT_CATEGORY_VIOLENCE,97829,5308,0,92521,94712,0,3116,0,0,3116,0.054257939874679285,0.0,0.9457420601253207,0.9681382821044885,0.0,0.03185149597767533,0.0,0.0,0.03185149597767533,2026-03-01,2026-08-31
TikTok,STATEMENT_CATEGORY_ANIMAL_WELFARE,152814,134367,0,18447,112345,0,0,0,0,0,0.8792846205190624,0.0,0.1207153794809376,0.7351747876503462,0.0,0.0,0.0,0.0,0.0,2026-03-01,2026-08-31
TikTok,STATEMENT_CATEGORY_CYBER_VIOLENCE,7961,10,0,7951,1571,0,0,0,0,0,0.0012561236025624921,0.0,0.9987438763974376,0.19733701796256753,0.0,0.0,0.0,0.0,0.0,2026-03-01,2026-08-31
TikTok,STATEMENT_CATEGORY_DATA_PROTECTION_AND_PRIVACY_VIOLATIONS,1177690,1141579,0,36111,1147327,0,0,0,0,0,0.969337431751989,0.0,0.030662568248010936,0.9742181728638266,0.0,0.0,0.0,0.0,0.0,2026-03-01,2026-08-31
TikTok,STATEMENT_CATEGORY_ILLEGAL_OR_HARMFUL_SPEECH,31595601,26398214,0,5197387,28317786,0,0,0,0,0,0.8355028283842425,0.0,0.16449717161575753,0.8962572353031044,0.0,0.0,0.0,0.0,0.0,2026-03-01,2026-08-31
TikTok,STATEMENT_CATEGORY_INTELLECTUAL_PROPERTY_INFRINGEMENTS,153367,58860,0,94507,0,0,0,0,0,0,0.38378529931471567,0.0,0.6162147006852843,0.0,0.0,0.0,0.0,0.0,0.0,2026-03-01,2026-08-31
TikTok,STATEMENT_CATEGORY_NEGATIVE_EFFECTS_ON_CIVIC_DISCOURSE_OR_ELECTIONS,2747411,2674845,0,72566,1540769,0,0,0,0,0,0.973587497465796,0.0,0.02641250253420402,0.5608076112383622,0.0,0.0,0.0,0.0,0.0,2026-03-01,2026-08-31
TikTok,STATEMENT_CATEGORY_OTHER_VIOLATION_TC,177537952,170281158,0,7256794,73654720,278962,0,0,0,278962,0.9591253930877833,0.0,0.04087460691221672,0.4148674645069692,0.0015712809394128869,0.0,0.0,0.0,0.0015712809394128869,2026-03-01,2026-08-31
TikTok,STATEMENT_CATEGORY_PROTECTION_OF_MINORS,1372963,743210,0,629753,575229,104421,0,0,0,104421,0.5413183020955408,0.0,0.4586816979044592,0.41896904723579587,0.07605521780266475,0.0,0.0,0.0,0.07605521780266475,2026-03-01,2026-08-31
TikTok,STATEMENT_CATEGORY_RISK_FOR_PUBLIC_SECURITY,94022,2,0,94020,41047,0,0,0,0,0,2.1271617281061878e-05,0.0,0.999978728382719,0.43656803726787347,0.0,0.0,0.0,0.0,0.0,2026-03-01,2026-08-31
TikTok,STATEMENT_CATEGORY_SCAMS_AND_FRAUD,10321873,9928734,0,393139,8406641,250207,0,0,0,250207,0.9619120483268879,0.0,0.03808795167311204,0.8144491799114366,0.024240464884619294,0.0,0.0,0.0,0.024240464884619294,2026-03-01,2026-08-31
TikTok,STATEMENT_CATEGORY_SELF_HARM,1942352,1802791,0,139561,1058362,1,0,0,0,1,0.9281484509501883,0.0,0.07185154904981178,0.5448868176314077,5.148397406855194e-07,0.0,0.0,0.0,5.148397406855194e-07,2026-03-01,2026-08-31
TikTok,STATEMENT_CATEGORY_UNSAFE_AND_PROHIBITED_PRODUCTS,3197,0,0,3197,474,0,0,0,0,0,0.0,0.0,1.0,0.14826399749765404,0.0,0.0,0.0,0.0,0.0,2026-03-01,2026-08-31
TikTok,STATEMENT_CATEGORY_VIOLENCE,32729673,32263549,0,466124,6839616,10,0,0,0,10,0.9857583667273425,0.0,0.014241633272657506,0.20897294024294102,3.0553314724531466e-07,0.0,0.0,0.0,3.0553314724531466e-07,2026-03-01,2026-08-31
X,STATEMENT_CATEGORY_ANIMAL_WELFARE,33,0,0,33,0,0,33,0,0,33,0.0,0.0,1.0,0.0,0.0,1.0,0.0,0.0,1.0,2026-03-01,2026-08-31
X,STATEMENT_CATEGORY_CYBER_VIOLENCE,24254,2808,0,21446,0,0,105,0,0,105,0.1157747175723592,0.0,0.8842252824276408,0.0,0.0,0.004329182815205739,0.0,0.0,0.004329182815205739,2026-03-01,2026-08-31
X,STATEMENT_CATEGORY_DATA_PROTECTION_AND_PRIVACY_VIOLATIONS,507,0,0,507,0,3,37,3,0,40,0.0,0.0,1.0,0.0,0.005917159763313609,0.07297830374753451,0.005917159763313609,0.0,0.07889546351084813,2026-03-01,2026-08-31
X,STATEMENT_CATEGORY_ILLEGAL_OR_HARMFUL_SPEECH,60,0,0,60,0,0,0,0,0,0,0.0,0.0,1.0,0.0,0.0,0.0,0.0,0.0,0.0,2026-03-01,2026-08-31
X,STATEMENT_CATEGORY_INTELLECTUAL_PROPERTY_INFRINGEMENTS,13051,2652,0,10399,0,0,8467,0,0,8467,0.2032028197073021,0.0,0.7967971802926979,0.0,0.0,0.6487625469312697,0.0,0.0,0.6487625469312697,2026-03-01,2026-08-31
X,STATEMENT_CATEGORY_OTHER_VIOLATION_TC,140402,110157,0,30245,0,308,654,308,0,962,0.784582840700275,0.0,0.21541715929972508,0.0,0.002193700944430991,0.004658053304083988,0.002193700944430991,0.0,0.006851754248514978,2026-03-01,2026-08-31
X,STATEMENT_CATEGORY_PROTECTION_OF_MINORS,305052,240020,0,65032,0,4,304868,4,0,304872,0.7868166738785518,0.0,0.21318332612144814,0.0,1.3112518521432411e-05,0.9993968241480141,1.3112518521432411e-05,0.0,0.9994099366665355,2026-03-01,2026-08-31
X,STATEMENT_CATEGORY_RISK_FOR_PUBLIC_SECURITY,11,0,0,11,0,0,11,0,0,11,0.0,0.0,1.0,0.0,0.0,1.0,0.0,0.0,1.0,2026-03-01,2026-08-31
X,STATEMENT_CATEGORY_SCAMS_AND_FRAUD,1569258,1543094,0,26164,0,5,1510414,5,0,1510419,0.9833271520680474,0.0,0.016672847931952554,0.0,3.1862192195292296e-06,0.9625020232492044,3.1862192195292296e-06,0.0,0.9625052094684239,2026-03-01,2026-08-31
X,STATEMENT_CATEGORY_SELF_HARM,22670,14575,0,8095,1,0,444,0,0,444,0.6429201588001765,0.0,0.35707984119982356,4.411116012351125e-05,0.0,0.019585355094838993,0.0,0.0,0.019585355094838993,2026-03-01,2026-08-31
X,STATEMENT_CATEGORY_UNSAFE_AND_PROHIBITED_PRODUCTS,31952,0,0,31952,0,0,31952,0,0,31952,0.0,0.0,1.0,0.0,0.0,1.0,0.0,0.0,1.0,2026-03-01,2026-08-31
X,STATEMENT_CATEGORY_VIOLENCE,49236,37075,0,12161,0,0,1332,0,0,1332,0.7530059306198716,0.0,0.24699406938012836,0.0,0.0,0.027053375578844747,0.0,0.0,0.027053375578844747,2026-03-01,2026-08-31
YouTube,STATEMENT_CATEGORY_ANIMAL_WELFARE,245,10,0,235,245,0,0,0,0,0,0.04081632653061224,0.0,0.9591836734693877,1.0,0.0,0.0,0.0,0.0,0.0,2026-03-01,2026-08-31
YouTube,STATEMENT_CATEGORY_CONSUMER_INFORMATION,5882134,2026217,0,3855917,5836518,0,0,44418,0,44418,0.34446971116264946,0.0,0.6555302888373505,0.9922449913585784,0.0,0.0,0.007551341060914287,0.0,0.007551341060914287,2026-03-01,2026-08-31
YouTube,STATEMENT_CATEGORY_CYBER_VIOLENCE,957,0,0,957,638,0,0,17,0,17,0.0,0.0,1.0,0.6666666666666666,0.0,0.0,0.017763845350052248,0.0,0.017763845350052248,2026-03-01,2026-08-31
YouTube,STATEMENT_CATEGORY_DATA_PROTECTION_AND_PRIVACY_VIOLATIONS,63965,0,48028,15937,60238,0,0,829,0,829,0.0,0.7508481200656609,0.2491518799343391,0.9417337606503556,0.0,0.0,0.012960212616274525,0.0,0.012960212616274525,2026-03-01,2026-08-31
YouTube,STATEMENT_CATEGORY_ILLEGAL_OR_HARMFUL_SPEECH,36503,12,16682,19809,17293,0,0,1851,0,1851,0.0003287401035531326,0.4570035339561132,0.5426677259403336,0.4737418842286935,0.0,0.0,0.05070816097307071,0.0,0.05070816097307071,2026-03-01,2026-08-31
YouTube,STATEMENT_CATEGORY_INTELLECTUAL_PROPERTY_INFRINGEMENTS,204657,63,142254,62340,180443,0,0,3504,0,3504,0.0003078321288790513,0.6950849470088978,0.30460722086222314,0.8816849655765501,0.0,0.0,0.017121329834796757,0.0,0.017121329834796757,2026-03-01,2026-08-31
YouTube,STATEMENT_CATEGORY_NEGATIVE_EFFECTS_ON_CIVIC_DISCOURSE_OR_ELECTIONS,1047018,24922,0,1022096,8405,0,0,0,0,0,0.023802838155599998,0.0,0.9761971618444,0.00802756017566078,0.0,0.0,0.0,0.0,0.0,2026-03-01,2026-08-31
YouTube,STATEMENT_CATEGORY_OTHER_VIOLATION_TC,22253672,19472321,1997583,783768,20620751,0,0,332626,0,332626,0.8750160872327047,0.08976419711767118,0.03521971564962403,0.9266224019119181,0.0,0.0,0.014947016384531955,0.0,0.014947016384531955,2026-03-01,2026-08-31
YouTube,STATEMENT_CATEGORY_PROTECTION_OF_MINORS,622567,313,622227,27,616204,0,0,2,0,2,0.0005027571329672148,0.9994538740408663,4.3368826166500956e-05,0.9897794133000946,0.0,0.0,3.212505641963034e-06,0.0,3.212505641963034e-06,2026-03-01,2026-08-31
YouTube,STATEMENT_CATEGORY_RISK_FOR_PUBLIC_SECURITY,1109,1,0,1108,1029,0,0,563,0,563,0.0009017132551848512,0.0,0.9990982867448152,0.9278629395852119,0.0,0.0,0.5076645626690712,0.0,0.5076645626690712,2026-03-01,2026-08-31
YouTube,STATEMENT_CATEGORY_SCAMS_AND_FRAUD,9913369,19745,8088,9885536,9811800,0,0,110657,0,110657,0.0019917547707545237,0.0008158679455995232,0.997192377283646,0.9897543408300448,0.0,0.0,0.011162400996069046,0.0,0.011162400996069046,2026-03-01,2026-08-31
YouTube,STATEMENT_CATEGORY_UNSAFE_AND_PROHIBITED_PRODUCTS,2131341,1959609,0,171732,470185,0,0,24,0,24,0.9194253758549195,0.0,0.08057462414508049,0.22060524336556186,0.0,0.0,1.1260516266519529e-05,0.0,1.1260516266519529e-05,2026-03-01,2026-08-31
YouTube,STATEMENT_CATEGORY_VIOLENCE,17903,8071,0,9832,17903,0,0,0,0,0,0.45081829860917166,0.0,0.5491817013908283,1.0,0.0,0.0,0.0,0.0,0.0,2026-03-01,2026-08-31
